id,name,created_at
1,Hudson Borer,2023-10-07 1:34:35
2,Domenica Williamson,2024-04-09 12:10:05
3,Lina Heaney,2023-06-27 6:06:21
4,Arnold Adams,2025-02-21 13:59:15
5,Dominique Leffler,2023-09-05 3:36:45
6,Rene Muller,2022-09-22 10:08:30
7,Roselyn Bosco,2024-05-24 6:18:20
8,Aracely Jenkins,2023-08-18 2:55:12
9,Anais Ward,2024-10-13 23:52:56
10,Tressa White,2024-08-16 12:16:30
11,Lolita Schaefer,2024-03-19 7:17:23
12,Ciara Larson,2024-06-27 17:25:24
13,Mustafa Thiel,2023-09-21 16:21:06
14,Lavonne Senger,2024-06-17 23:29:39
15,Bertrand Romaguera,2024-12-20 17:50:32
16,Khalid Pouros,2022-05-14 23:44:56
17,Lora Cronin,2023-03-05 20:38:57
18,Arely Pollich,2023-04-25 20:11:39
19,Wyman Kertzmann,2024-12-03 7:27:48
20,John Aufderhar,2024-10-12 23:32:18
21,Angela Botsford,2023-06-07 3:02:26
22,Jeromy Smith,2023-09-29 21:34:44
23,Candida Kiehn,2023-04-16 1:10:36
24,Nya Weber,2025-01-26 6:39:39
25,Araceli Stiedemann,2022-08-16 2:51:37
26,Dagmar Fay,2022-10-03 8:40:36
27,Kyler Abshire,2023-04-05 16:05:38
28,Keon Cartwright,2023-05-05 7:29:27
29,Broderick Lockman,2025-01-28 10:06:09
30,Desiree Walsh,2022-12-09 4:07:49
31,Cleora Hilll,2025-04-05 20:13:51
32,Jayden Hamill,2024-02-25 3:42:17
33,Alphonso Quigley,2024-08-16 19:08:44
34,Emilie Goyette,2025-01-13 5:02:50
35,Chelsey Schuppe,2024-12-07 20:44:09
36,Kaley Ziemann,2023-10-13 5:18:15
37,Jaleel Collins,2023-02-05 6:39:16
38,Cecilia Stark,2022-11-22 1:11:34
39,Andreanne Hills,2024-04-02 13:07:06
40,Elyssa Wolf,2023-03-06 0:54:32
41,Bernadine Gorczany,2024-05-24 16:27:39
42,Reyes Strosin,2023-04-12 8:31:54
43,Chaya Volkman,2023-06-04 6:12:22
44,Carroll Kohler,2023-01-04 22:28:01
45,Gilbert Abbott,2022-09-26 21:46:49
46,Kaleb Swaniawski,2025-01-25 15:35:58
47,Bradley Green,2024-01-24 1:29:30
48,Logan Weber,2023-11-24 10:23:12
49,Zane Koelpin,2024-09-17 22:24:49
50,Stacy Wisozk,2024-01-24 4:24:23
51,Alvah Wilderman,2024-02-19 22:11:18
52,Velma Little,2024-05-30 1:41:33
53,Nikolas Romaguera,2024-09-08 15:36:35
54,Davin Stamm,2023-02-20 12:34:10
55,Holly Bayer,2023-10-13 10:43:38
56,Seth Willms,2023-07-03 10:09:11
57,Jordy Haag,2024-01-15 16:03:53
58,Dawson Kovacek,2022-06-02 12:04:05
59,Hugh Hahn,2023-01-14 18:35:25
60,Edgardo Hackett,2022-11-23 22:26:35
61,Lina Labadie,2022-06-05 4:03:53
62,Angelica Zulauf,2022-12-13 1:31:33
63,Delilah Stoltenberg,2024-11-04 22:17:41
64,Terrence Grimes,2025-02-15 17:14:42
65,Arne O'Hara,2022-12-09 3:04:23
66,Gladys Dare,2022-09-01 0:07:15
67,Keyon Stroman,2024-06-10 4:00:14
68,Colton Hauck,2022-05-11 1:47:40
69,Anibal Hansen,2023-09-02 1:06:18
70,Maya Berge,2022-07-03 7:13:19
71,Lillian Green,2022-06-12 9:38:56
72,Eula O'Connell,2023-06-21 19:44:11
73,Stan Hessel,2024-08-04 1:00:22
74,Jarret Marvin,2025-02-25 14:34:04
75,Isobel Fadel,2024-06-26 16:37:11
76,Amiya Considine,2023-08-11 6:15:00
77,Felipe Wilkinson,2024-02-11 11:19:05
78,Keenan Schaefer,2022-05-13 19:16:27
79,Palma Volkman,2025-02-25 2:59:38
80,Wilhelm Willms,2024-02-17 0:14:59
81,Curt Baumbach,2023-12-29 20:40:14
82,Macy Olson,2022-08-09 2:12:22
83,Theresa Kertzmann,2022-07-17 19:55:33
84,Dorris Frami,2023-11-23 13:05:32
85,Vernice Steuber,2024-05-24 23:42:11
86,Oda Brakus,2023-08-11 1:11:34
87,Heber Vandervort,2024-04-28 2:15:32
88,Breanne Schiller,2023-11-29 15:32:31
89,Durward Ledner,2023-02-10 20:18:20
90,Scarlett Beahan,2023-08-23 17:19:10
91,Myrtis Labadie,2024-07-02 15:32:49
92,Tatyana Steuber,2024-08-01 23:51:54
93,Broderick Wintheiser,2022-12-07 1:29:06
94,Armando Herzog,2025-03-24 23:00:11
95,Aurelie Spinka,2024-09-16 1:38:03
96,Ayden Heller,2024-04-17 11:46:46
97,Quentin Leannon,2023-01-08 8:29:08
98,Lucas Beer,2022-10-01 8:45:16
99,Alicia Cormier,2023-09-14 14:33:35
100,Devan Kulas,2024-03-01 19:28:50
